{
  "last_run_started_epoch": 1782994972.996887,
  "consecutive_failures": 0,
  "last_success_utc": "2026-07-02T12:22:53.259782+00:00",
  "last_inserted_raw": 19,
  "last_duplicate_count": 1
}