{
  "last_run_started_epoch": 1781681990.8646116,
  "consecutive_failures": 0,
  "last_success_utc": "2026-06-17T07:39:51.085553+00:00",
  "last_inserted_raw": 19,
  "last_duplicate_count": 1
}