{
  "last_run_started_epoch": 1783011812.59791,
  "consecutive_failures": 0,
  "last_success_utc": "2026-07-02T17:03:32.829498+00:00",
  "last_inserted_raw": 2,
  "last_duplicate_count": 18
}