{
  "last_run_started_epoch": 1782999788.8969893,
  "consecutive_failures": 0,
  "last_success_utc": "2026-07-02T13:43:09.121791+00:00",
  "last_inserted_raw": 1,
  "last_duplicate_count": 19
}