{
  "task": "V2_30_STRESS_TEST_AND_REACTION_SIMULATION_NOAPI",
  "stamp_utc": "2026-06-26T08:29:19.598928+00:00",
  "flash_crash_50k": {
    "count": 50000,
    "elapsed_sec": 0.1337271686643362,
    "p50_ms": 0.00048,
    "p95_ms": 0.000551,
    "p99_ms": 0.0028240100000000022,
    "max_ms": 0.104824
  },
  "echo_chamber": {
    "count": 50000,
    "elapsed_sec": 0.07045727502554655,
    "p50_ms": 0.000351,
    "p95_ms": 0.000371,
    "p99_ms": 0.000512,
    "max_ms": 0.034604
  },
  "audit_probe": {
    "pre_count": 5000,
    "post_count": 5000,
    "pre_p99_ms": 0.00047,
    "post_p99_ms": 0.000551,
    "delta_p99_ms": 8.099999999999996e-05
  },
  "overall_hot_path": {
    "count": 110000,
    "p50_ms": 0.00036,
    "p95_ms": 0.000521,
    "p99_ms": 0.000631,
    "max_ms": 0.104824
  }
}
